site_name,region_type,feature_group,pixels,finite_valid_pixels,finite_valid_fraction,strict_valid_pixels,strict_valid_fraction,pixels_with_nodata,nodata_fraction,coverage_gate_passed
Aksu,positive_aoi,all_features,82944,82944,1.0,82923,0.9997468171296297,21,0.00025318287037037036,True
Aksu,positive_aoi,dem_features,82944,82944,1.0,82944,1.0,0,0.0,True
Aksu,positive_aoi,sentinel2_features,82944,82944,1.0,82944,1.0,0,0.0,True
Aksu,positive_aoi,landsat8_features,82944,82944,1.0,82923,0.9997468171296297,21,0.00025318287037037036,True
Aksu,positive_aoi,prior_features,82944,82944,1.0,82944,1.0,0,0.0,True
Aksu,positive_aoi,lithology_features,82944,82944,1.0,82944,1.0,0,0.0,True
Aksu,positive_aoi,fault_features,82944,82944,1.0,82944,1.0,0,0.0,True
Aksu,positive_aoi,spectral_features,82944,82944,1.0,82923,0.9997468171296297,21,0.00025318287037037036,True
Aksu,positive_aoi,external_prior_features,82944,82944,1.0,82944,1.0,0,0.0,True
Aksu,local_background,all_features,2857466,2857466,1.0,2856264,0.9995793475757891,1202,0.0004206524242108218,True
Aksu,local_background,dem_features,2857466,2857466,1.0,2856273,0.9995824972195645,1193,0.00041750278043553276,True
Aksu,local_background,sentinel2_features,2857466,2857466,1.0,2857457,0.9999968503562248,9,3.149643775289015e-06,True
Aksu,local_background,landsat8_features,2857466,2857466,1.0,2857466,1.0,0,0.0,True
Aksu,local_background,prior_features,2857466,2857466,1.0,2856273,0.9995824972195645,1193,0.00041750278043553276,True
Aksu,local_background,lithology_features,2857466,2857466,1.0,2857466,1.0,0,0.0,True
Aksu,local_background,fault_features,2857466,2857466,1.0,2856273,0.9995824972195645,1193,0.00041750278043553276,True
Aksu,local_background,spectral_features,2857466,2857466,1.0,2857457,0.9999968503562248,9,3.149643775289015e-06,True
Aksu,local_background,external_prior_features,2857466,2857466,1.0,2856273,0.9995824972195645,1193,0.00041750278043553276,True
Atbasar,positive_aoi,all_features,82944,82944,1.0,82944,1.0,0,0.0,True
Atbasar,positive_aoi,dem_features,82944,82944,1.0,82944,1.0,0,0.0,True
Atbasar,positive_aoi,sentinel2_features,82944,82944,1.0,82944,1.0,0,0.0,True
Atbasar,positive_aoi,landsat8_features,82944,82944,1.0,82944,1.0,0,0.0,True
Atbasar,positive_aoi,prior_features,82944,82944,1.0,82944,1.0,0,0.0,True
Atbasar,positive_aoi,lithology_features,82944,82944,1.0,82944,1.0,0,0.0,True
Atbasar,positive_aoi,fault_features,82944,82944,1.0,82944,1.0,0,0.0,True
Atbasar,positive_aoi,spectral_features,82944,82944,1.0,82944,1.0,0,0.0,True
Atbasar,positive_aoi,external_prior_features,82944,82944,1.0,82944,1.0,0,0.0,True
Atbasar,local_background,all_features,3094954,3094954,1.0,3094932,0.9999928916552556,22,7.108344744380692e-06,True
Atbasar,local_background,dem_features,3094954,3094954,1.0,3094954,1.0,0,0.0,True
Atbasar,local_background,sentinel2_features,3094954,3094954,1.0,3094933,0.9999932147618349,21,6.785238165090661e-06,True
Atbasar,local_background,landsat8_features,3094954,3094954,1.0,3094953,0.9999996768934207,1,3.2310657929003146e-07,True
Atbasar,local_background,prior_features,3094954,3094954,1.0,3094954,1.0,0,0.0,True
Atbasar,local_background,lithology_features,3094954,3094954,1.0,3094954,1.0,0,0.0,True
Atbasar,local_background,fault_features,3094954,3094954,1.0,3094954,1.0,0,0.0,True
Atbasar,local_background,spectral_features,3094954,3094954,1.0,3094932,0.9999928916552556,22,7.108344744380692e-06,True
Atbasar,local_background,external_prior_features,3094954,3094954,1.0,3094954,1.0,0,0.0,True
Chistopoloe,positive_aoi,all_features,82944,82944,1.0,82891,0.9993610146604939,53,0.0006389853395061729,True
Chistopoloe,positive_aoi,dem_features,82944,82944,1.0,82944,1.0,0,0.0,True
Chistopoloe,positive_aoi,sentinel2_features,82944,82944,1.0,82944,1.0,0,0.0,True
Chistopoloe,positive_aoi,landsat8_features,82944,82944,1.0,82891,0.9993610146604939,53,0.0006389853395061729,True
Chistopoloe,positive_aoi,prior_features,82944,82944,1.0,82944,1.0,0,0.0,True
Chistopoloe,positive_aoi,lithology_features,82944,82944,1.0,82944,1.0,0,0.0,True
Chistopoloe,positive_aoi,fault_features,82944,82944,1.0,82944,1.0,0,0.0,True
Chistopoloe,positive_aoi,spectral_features,82944,82944,1.0,82891,0.9993610146604939,53,0.0006389853395061729,True
Chistopoloe,positive_aoi,external_prior_features,82944,82944,1.0,82944,1.0,0,0.0,True
Chistopoloe,local_background,all_features,2862500,2862500,1.0,2860562,0.9993229694323144,1938,0.0006770305676855895,True
Chistopoloe,local_background,dem_features,2862500,2862500,1.0,2861304,0.9995821834061135,1196,0.0004178165938864629,True
Chistopoloe,local_background,sentinel2_features,2862500,2862500,1.0,2862497,0.9999989519650655,3,1.0480349344978166e-06,True
Chistopoloe,local_background,landsat8_features,2862500,2862500,1.0,2861761,0.9997418340611354,739,0.0002581659388646288,True
Chistopoloe,local_background,prior_features,2862500,2862500,1.0,2861304,0.9995821834061135,1196,0.0004178165938864629,True
Chistopoloe,local_background,lithology_features,2862500,2862500,1.0,2862500,1.0,0,0.0,True
Chistopoloe,local_background,fault_features,2862500,2862500,1.0,2861304,0.9995821834061135,1196,0.0004178165938864629,True
Chistopoloe,local_background,spectral_features,2862500,2862500,1.0,2861758,0.9997407860262009,742,0.0002592139737991266,True
Chistopoloe,local_background,external_prior_features,2862500,2862500,1.0,2861304,0.9995821834061135,1196,0.0004178165938864629,True
Saumankol,positive_aoi,all_features,82944,82944,1.0,82943,0.9999879436728395,1,1.2056327160493826e-05,True
Saumankol,positive_aoi,dem_features,82944,82944,1.0,82944,1.0,0,0.0,True
Saumankol,positive_aoi,sentinel2_features,82944,82944,1.0,82943,0.9999879436728395,1,1.2056327160493826e-05,True
Saumankol,positive_aoi,landsat8_features,82944,82944,1.0,82944,1.0,0,0.0,True
Saumankol,positive_aoi,prior_features,82944,82944,1.0,82944,1.0,0,0.0,True
Saumankol,positive_aoi,lithology_features,82944,82944,1.0,82944,1.0,0,0.0,True
Saumankol,positive_aoi,fault_features,82944,82944,1.0,82944,1.0,0,0.0,True
Saumankol,positive_aoi,spectral_features,82944,82944,1.0,82943,0.9999879436728395,1,1.2056327160493826e-05,True
Saumankol,positive_aoi,external_prior_features,82944,82944,1.0,82944,1.0,0,0.0,True
Saumankol,local_background,all_features,3187446,3187446,1.0,3187427,0.9999940391147019,19,5.960885298135247e-06,True
Saumankol,local_background,dem_features,3187446,3187446,1.0,3187446,1.0,0,0.0,True
Saumankol,local_background,sentinel2_features,3187446,3187446,1.0,3187433,0.9999959214995329,13,4.078500467145169e-06,True
Saumankol,local_background,landsat8_features,3187446,3187446,1.0,3187440,0.999998117615169,6,1.882384830990078e-06,True
Saumankol,local_background,prior_features,3187446,3187446,1.0,3187446,1.0,0,0.0,True
Saumankol,local_background,lithology_features,3187446,3187446,1.0,3187446,1.0,0,0.0,True
Saumankol,local_background,fault_features,3187446,3187446,1.0,3187446,1.0,0,0.0,True
Saumankol,local_background,spectral_features,3187446,3187446,1.0,3187427,0.9999940391147019,19,5.960885298135247e-06,True
Saumankol,local_background,external_prior_features,3187446,3187446,1.0,3187446,1.0,0,0.0,True
Shchuchinsk,positive_aoi,all_features,82944,82944,1.0,82944,1.0,0,0.0,True
Shchuchinsk,positive_aoi,dem_features,82944,82944,1.0,82944,1.0,0,0.0,True
Shchuchinsk,positive_aoi,sentinel2_features,82944,82944,1.0,82944,1.0,0,0.0,True
Shchuchinsk,positive_aoi,landsat8_features,82944,82944,1.0,82944,1.0,0,0.0,True
Shchuchinsk,positive_aoi,prior_features,82944,82944,1.0,82944,1.0,0,0.0,True
Shchuchinsk,positive_aoi,lithology_features,82944,82944,1.0,82944,1.0,0,0.0,True
Shchuchinsk,positive_aoi,fault_features,82944,82944,1.0,82944,1.0,0,0.0,True
Shchuchinsk,positive_aoi,spectral_features,82944,82944,1.0,82944,1.0,0,0.0,True
Shchuchinsk,positive_aoi,external_prior_features,82944,82944,1.0,82944,1.0,0,0.0,True
Shchuchinsk,local_background,all_features,3162949,3162949,1.0,3162171,0.9997540270171918,778,0.0002459729828081325,True
Shchuchinsk,local_background,dem_features,3162949,3162949,1.0,3162949,1.0,0,0.0,True
Shchuchinsk,local_background,sentinel2_features,3162949,3162949,1.0,3162949,1.0,0,0.0,True
Shchuchinsk,local_background,landsat8_features,3162949,3162949,1.0,3162171,0.9997540270171918,778,0.0002459729828081325,True
Shchuchinsk,local_background,prior_features,3162949,3162949,1.0,3162949,1.0,0,0.0,True
Shchuchinsk,local_background,lithology_features,3162949,3162949,1.0,3162949,1.0,0,0.0,True
Shchuchinsk,local_background,fault_features,3162949,3162949,1.0,3162949,1.0,0,0.0,True
Shchuchinsk,local_background,spectral_features,3162949,3162949,1.0,3162171,0.9997540270171918,778,0.0002459729828081325,True
Shchuchinsk,local_background,external_prior_features,3162949,3162949,1.0,3162949,1.0,0,0.0,True
Suvorovka,positive_aoi,all_features,82944,82944,1.0,82944,1.0,0,0.0,True
Suvorovka,positive_aoi,dem_features,82944,82944,1.0,82944,1.0,0,0.0,True
Suvorovka,positive_aoi,sentinel2_features,82944,82944,1.0,82944,1.0,0,0.0,True
Suvorovka,positive_aoi,landsat8_features,82944,82944,1.0,82944,1.0,0,0.0,True
Suvorovka,positive_aoi,prior_features,82944,82944,1.0,82944,1.0,0,0.0,True
Suvorovka,positive_aoi,lithology_features,82944,82944,1.0,82944,1.0,0,0.0,True
Suvorovka,positive_aoi,fault_features,82944,82944,1.0,82944,1.0,0,0.0,True
Suvorovka,positive_aoi,spectral_features,82944,82944,1.0,82944,1.0,0,0.0,True
Suvorovka,positive_aoi,external_prior_features,82944,82944,1.0,82944,1.0,0,0.0,True
Suvorovka,local_background,all_features,3124049,3124049,1.0,3124041,0.9999974392207036,8,2.560779296355467e-06,True
Suvorovka,local_background,dem_features,3124049,3124049,1.0,3124049,1.0,0,0.0,True
Suvorovka,local_background,sentinel2_features,3124049,3124049,1.0,3124041,0.9999974392207036,8,2.560779296355467e-06,True
Suvorovka,local_background,landsat8_features,3124049,3124049,1.0,3124049,1.0,0,0.0,True
Suvorovka,local_background,prior_features,3124049,3124049,1.0,3124049,1.0,0,0.0,True
Suvorovka,local_background,lithology_features,3124049,3124049,1.0,3124049,1.0,0,0.0,True
Suvorovka,local_background,fault_features,3124049,3124049,1.0,3124049,1.0,0,0.0,True
Suvorovka,local_background,spectral_features,3124049,3124049,1.0,3124041,0.9999974392207036,8,2.560779296355467e-06,True
Suvorovka,local_background,external_prior_features,3124049,3124049,1.0,3124049,1.0,0,0.0,True
